{
  "model_order": [
    "RF PhysChem (baseline)",
    "RF PhysChem (tuned)",
    "RF ESM2-650M",
    "RF ESM2-3B",
    "RF Ginkgo-AA0",
    "NN PhysChem",
    "NN ESM2-650M",
    "NN ESM2-3B",
    "NN Ginkgo-AA0",
    "Vec ESM2-650M CE",
    "Vec ESM2-650M focal",
    "Vec ESM2-3B CE",
    "Vec ESM2-3B focal",
    "Vec Ginkgo-AA0 CE",
    "Vec Ginkgo-AA0 focal"
  ],
  "results": {
    "RF PhysChem (baseline)": {
      "mse": {
        "point": 1.193322272000677,
        "ci_lo": 1.0777112030959153,
        "ci_hi": 1.317200890358205
      },
      "r2": {
        "point": 0.7496700800708294,
        "ci_lo": 0.7243168514175001,
        "ci_hi": 0.7729941633666951
      },
      "spearman": {
        "point": 0.859200633891687,
        "ci_lo": 0.8441212921037526,
        "ci_hi": 0.8721332036146991
      },
      "n_test": 1323,
      "model_type": "RF",
      "feature_type": "PhysChem"
    },
    "RF PhysChem (tuned)": {
      "mse": {
        "point": 1.2078336854785756,
        "ci_lo": 1.093708497204817,
        "ci_hi": 1.3277175591561172
      },
      "r2": {
        "point": 0.7466259393058279,
        "ci_lo": 0.7214836083991877,
        "ci_hi": 0.7697285579023273
      },
      "spearman": {
        "point": 0.857326146404373,
        "ci_lo": 0.8425594472005102,
        "ci_hi": 0.8702730485042319
      },
      "n_test": 1323,
      "model_type": "RF",
      "feature_type": "PhysChem"
    },
    "RF ESM2-650M": {
      "mse": {
        "point": 1.1893641510366655,
        "ci_lo": 1.0763983153687624,
        "ci_hi": 1.3096449715328085
      },
      "r2": {
        "point": 0.7502445198950182,
        "ci_lo": 0.7251376555143478,
        "ci_hi": 0.7733094710801287
      },
      "spearman": {
        "point": 0.8530539413370399,
        "ci_lo": 0.8371214936362078,
        "ci_hi": 0.8667041126936876
      },
      "n_test": 1326,
      "model_type": "RF",
      "feature_type": "ESM2-650M"
    },
    "RF ESM2-3B": {
      "mse": {
        "point": 1.2447742871076182,
        "ci_lo": 1.126243275433549,
        "ci_hi": 1.3663275825135754
      },
      "r2": {
        "point": 0.7386089033977319,
        "ci_lo": 0.7126251990553182,
        "ci_hi": 0.7630777122640668
      },
      "spearman": {
        "point": 0.8485320437759065,
        "ci_lo": 0.8331269531631922,
        "ci_hi": 0.8623516130270863
      },
      "n_test": 1326,
      "model_type": "RF",
      "feature_type": "ESM2-3B"
    },
    "RF Ginkgo-AA0": {
      "mse": {
        "point": 1.1580910067898227,
        "ci_lo": 1.0427772231074743,
        "ci_hi": 1.281442734918892
      },
      "r2": {
        "point": 0.7568115911733602,
        "ci_lo": 0.730891149561768,
        "ci_hi": 0.7805279276395727
      },
      "spearman": {
        "point": 0.8567579481643686,
        "ci_lo": 0.8412402239292501,
        "ci_hi": 0.8704633638682447
      },
      "n_test": 1326,
      "model_type": "RF",
      "feature_type": "Ginkgo-AA0"
    },
    "NN PhysChem": {
      "mse": {
        "point": 1.4134725995728978,
        "ci_lo": 1.2534835116469512,
        "ci_hi": 1.581736382712489
      },
      "r2": {
        "point": 0.7034879085262229,
        "ci_lo": 0.6662405261694386,
        "ci_hi": 0.7377364897120188
      },
      "spearman": {
        "point": 0.8283014653056643,
        "ci_lo": 0.8087781831578872,
        "ci_hi": 0.8456198635580654
      },
      "n_test": 1323,
      "model_type": "NN",
      "feature_type": "PhysChem"
    },
    "NN ESM2-650M": {
      "mse": {
        "point": 1.1089072013839103,
        "ci_lo": 0.9879113133800851,
        "ci_hi": 1.239673110735656
      },
      "r2": {
        "point": 0.7671397357721669,
        "ci_lo": 0.7380575376586483,
        "ci_hi": 0.7936810245848435
      },
      "spearman": {
        "point": 0.8552695896719883,
        "ci_lo": 0.8402642175570426,
        "ci_hi": 0.8688661944156066
      },
      "n_test": 1326,
      "model_type": "NN",
      "feature_type": "ESM2-650M"
    },
    "NN ESM2-3B": {
      "mse": {
        "point": 1.1747636267590604,
        "ci_lo": 1.051421203854936,
        "ci_hi": 1.3023038360070183
      },
      "r2": {
        "point": 0.7533104950612944,
        "ci_lo": 0.7247334434519909,
        "ci_hi": 0.7800649555596285
      },
      "spearman": {
        "point": 0.8502050301998895,
        "ci_lo": 0.8348288951802845,
        "ci_hi": 0.8635084683757412
      },
      "n_test": 1326,
      "model_type": "NN",
      "feature_type": "ESM2-3B"
    },
    "NN Ginkgo-AA0": {
      "mse": {
        "point": 1.1913729787118335,
        "ci_lo": 1.0764986130308307,
        "ci_hi": 1.317018480291053
      },
      "r2": {
        "point": 0.7498226846479894,
        "ci_lo": 0.7233155688120801,
        "ci_hi": 0.7740984113564949
      },
      "spearman": {
        "point": 0.8479708999056966,
        "ci_lo": 0.8332329201308607,
        "ci_hi": 0.8609020575932638
      },
      "n_test": 1326,
      "model_type": "NN",
      "feature_type": "Ginkgo-AA0"
    },
    "Vec ESM2-650M CE": {
      "mse": {
        "point": 1.0505270836586755,
        "ci_lo": 0.9370996999464342,
        "ci_hi": 1.1745921732257991
      },
      "r2": {
        "point": 0.7795874847740506,
        "ci_lo": 0.7526559397651519,
        "ci_hi": 0.8040701968695722
      },
      "spearman": {
        "point": 0.8607655992191177,
        "ci_lo": 0.8446331367426944,
        "ci_hi": 0.8747495716623712
      },
      "n_test": 1273,
      "model_type": "Vector",
      "feature_type": "ESM2-650M",
      "loss": "categorical_crossentropy"
    },
    "Vec ESM2-650M focal": {
      "mse": {
        "point": 1.0453318195920984,
        "ci_lo": 0.9335658900484145,
        "ci_hi": 1.1671252969766095
      },
      "r2": {
        "point": 0.7806775101889016,
        "ci_lo": 0.7546405666299755,
        "ci_hi": 0.8043308417448872
      },
      "spearman": {
        "point": 0.8602488711791545,
        "ci_lo": 0.8441095509680335,
        "ci_hi": 0.8740572192690156
      },
      "n_test": 1273,
      "model_type": "Vector",
      "feature_type": "ESM2-650M",
      "loss": "focal"
    },
    "Vec ESM2-3B CE": {
      "mse": {
        "point": 1.1219958518429303,
        "ci_lo": 1.007340980213155,
        "ci_hi": 1.2470436201685777
      },
      "r2": {
        "point": 0.7645925253859212,
        "ci_lo": 0.73748541962107,
        "ci_hi": 0.789042200996599
      },
      "spearman": {
        "point": 0.8567832781111376,
        "ci_lo": 0.8410108800677063,
        "ci_hi": 0.8703785839516519
      },
      "n_test": 1273,
      "model_type": "Vector",
      "feature_type": "ESM2-3B",
      "loss": "categorical_crossentropy"
    },
    "Vec ESM2-3B focal": {
      "mse": {
        "point": 1.0914612643832358,
        "ci_lo": 0.9810645157239992,
        "ci_hi": 1.2111538602437235
      },
      "r2": {
        "point": 0.7709990286813323,
        "ci_lo": 0.744922904990488,
        "ci_hi": 0.7943780806004872
      },
      "spearman": {
        "point": 0.858955006411213,
        "ci_lo": 0.8435802369076367,
        "ci_hi": 0.8721299349783957
      },
      "n_test": 1273,
      "model_type": "Vector",
      "feature_type": "ESM2-3B",
      "loss": "focal"
    },
    "Vec Ginkgo-AA0 CE": {
      "mse": {
        "point": 0.9949102248069868,
        "ci_lo": 0.8871485463429586,
        "ci_hi": 1.111845927589373
      },
      "r2": {
        "point": 0.791256533520299,
        "ci_lo": 0.7663303245878629,
        "ci_hi": 0.8136091882533074
      },
      "spearman": {
        "point": 0.8672324598765204,
        "ci_lo": 0.851908582681668,
        "ci_hi": 0.8803934616508178
      },
      "n_test": 1273,
      "model_type": "Vector",
      "feature_type": "Ginkgo-AA0",
      "loss": "categorical_crossentropy"
    },
    "Vec Ginkgo-AA0 focal": {
      "mse": {
        "point": 0.9965363463624963,
        "ci_lo": 0.8868282462938568,
        "ci_hi": 1.1147083489238985
      },