{
  "config": {
    "vector_config": {
      "hidden_layers": [
        256,
        256,
        128
      ],
      "dropout": 0.3,
      "learning_rate": 0.0005,
      "batch_size": 32,
      "epochs": 200,
      "loss": "focal"
    },
    "finetune_epochs": 100,
    "finetune_lr": 0.0001,
    "finetune_patience": 10,
    "n_folds": 5,
    "n_seeds": 5,
    "seeds": [
      42,
      123,
      456,
      789,
      1024
    ]
  },
  "grasso_pretrain": {
    "test_mse": 1.0295894022571932,
    "test_spearman": 0.8603365743545498
  },
  "datasets": {
    "Wu": {
      "dataset": "Wu",
      "description": "81 SPs, binary WA (functional/non-functional)",
      "is_binary": true,
      "n_samples": 81,
      "n_folds": 5,
      "n_seeds": 5,
      "zero_shot": {
        "spearman_rho": 0.24607795009972463,
        "spearman_p": 0.026797826049156582,
        "pearson_r": 0.24070989240693255,
        "pearson_p": 0.03041425648710244,
        "n_samples": 81,
        "auc_roc": 0.6420731707317073
      },
      "zero_shot_pooled": {
        "rho": 0.24607795009972463,
        "p_value": 0.026797826049156582,
        "n": 81,
        "ci_lo": 0.03392930522240045,
        "ci_hi": 0.45517256471889256,
        "auc_roc": 0.6420731707317073
      },
      "fine_tuned_pooled": {
        "rho": 0.3200069479837621,
        "p_value": 0.003587839402791462,
        "n": 81,
        "ci_lo": 0.10096616488988756,
        "ci_hi": 0.5158443644364852,
        "auc_roc": 0.6847560975609757
      },
      "fine_tuned_folds": [
        {
          "spearman_rho": -0.07216878364870323,
          "spearman_p": 0.7831218637102924,
          "pearson_r": -0.006056256161667696,
          "pearson_p": 0.9815955642645696,
          "n_samples": 17,
          "auc_roc": 0.45833333333333337,
          "fold": 0,
          "n_train": 54,
          "n_test": 17
        },
        {
          "spearman_rho": 0.2711630722733202,
          "spearman_p": 0.3096934708383858,
          "pearson_r": 0.2400293557822272,
          "pearson_p": 0.37055879850373086,
          "n_samples": 16,
          "auc_roc": 0.65625,
          "fold": 1,
          "n_train": 55,
          "n_test": 16
        },
        {
          "spearman_rho": 0.3796283011826484,
          "spearman_p": 0.1469773748868854,
          "pearson_r": 0.4496266109991718,
          "pearson_p": 0.08057780202480955,
          "n_samples": 16,
          "auc_roc": 0.71875,
          "fold": 2,
          "n_train": 55,
          "n_test": 16
        },
        {
          "spearman_rho": 0.5152098373193084,
          "spearman_p": 0.041113143376963604,
          "pearson_r": 0.47355567549226985,
          "pearson_p": 0.06390228504281688,
          "n_samples": 16,
          "auc_roc": 0.796875,
          "fold": 3,
          "n_train": 55,
          "n_test": 16
        },
        {
          "spearman_rho": 0.6507913734559686,
          "spearman_p": 0.00633007621052386,
          "pearson_r": 0.6275084929603134,
          "pearson_p": 0.009261905186613947,
          "n_samples": 16,
          "auc_roc": 0.875,
          "fold": 4,
          "n_train": 55,
          "n_test": 16
        }
      ],
      "fine_tuned_fold_mean": {
        "spearman_rho_mean": 0.34892476011650847,
        "spearman_rho_std": 0.24620460567598734,
        "pearson_r_mean": 0.3569327758144629,
        "pearson_r_std": 0.21946831820092066
      }
    },
    "Xue": {
      "dataset": "Xue",
      "description": "322 SPs, WA 0\u201310437 (enzyme activity units)",
      "is_binary": false,
      "n_samples": 322,
      "n_folds": 5,
      "n_seeds": 5,
      "zero_shot": {
        "spearman_rho": 0.1609669692701451,
        "spearman_p": 0.0037780236712791253,
        "pearson_r": 0.18367481376763786,
        "pearson_p": 0.0009285551955473356,
        "n_samples": 322
      },
      "zero_shot_pooled": {
        "rho": 0.1609669692701451,
        "p_value": 0.0037780236712791253,
        "n": 322,
        "ci_lo": 0.053358492392335505,
        "ci_hi": 0.2638185239367066
      },
      "fine_tuned_pooled": {
        "rho": -0.1961532434148295,
        "p_value": 0.00039919997820148133,
        "n": 322,
        "ci_lo": -0.3003467164264924,
        "ci_hi": -0.09138989062074628
      },
      "fine_tuned_folds": [
        {
          "spearman_rho": -0.17174951111208983,
          "spearman_p": 0.17130865451831534,
          "pearson_r": -0.15627903577961877,
          "pearson_p": 0.21380537212825054,
          "n_samples": 65,
          "fold": 0,
          "n_train": 218,
          "n_test": 65
        },
        {
          "spearman_rho": -0.3929629028429728,
          "spearman_p": 0.0012036217644498537,
          "pearson_r": -0.34010467649662746,
          "pearson_p": 0.005571961834042498,
          "n_samples": 65,
          "fold": 1,
          "n_train": 218,
          "n_test": 65
        },
        {
          "spearman_rho": -0.1450649086463333,
          "spearman_p": 0.2527445724932667,
          "pearson_r": -0.14024826691149522,
          "pearson_p": 0.26900944612860195,
          "n_samples": 64,
          "fold": 2,
          "n_train": 219,
          "n_test": 64
        },
        {
          "spearman_rho": -0.3115191337101269,
          "spearman_p": 0.012220029448005603,
          "pearson_r": -0.29504200244885415,
          "pearson_p": 0.01794431726828213,
          "n_samples": 64,
          "fold": 3,
          "n_train": 219,
          "n_test": 64
        },
        {
          "spearman_rho": -0.26149267399267395,
          "spearman_p": 0.036872084301982966,
          "pearson_r": -0.2580452429640337,
          "pearson_p": 0.03952467657253753,
          "n_samples": 64,
          "fold": 4,
          "n_train": 219,
          "n_test": 64
        }
      ],
      "fine_tuned_fold_mean": {
        "spearman_rho_mean": -0.2565578260608393,
        "spearman_rho_std": 0.09085655061976967,
        "pearson_r_mean": -0.23794384492012588,
        "pearson_r_std": 0.07786484228365624
      }
    },
    "Zhang-P43": {
      "dataset": "Zhang-P43",
      "description": "114 SPs, WA 0\u2013193 (P43 promoter)",
      "is_binary": false,
      "n_samples": 114,
      "n_folds": 5,
      "n_seeds": 5,
      "zero_shot": {
        "spearman_rho": 0.21961727269961487,
        "spearman_p": 0.018886272731996584,
        "pearson_r": 0.20642600089498378,
        "pearson_p": 0.02755763096155689,
        "n_samples": 114
      },
      "zero_shot_pooled": {
        "rho": 0.21961727269961487,
        "p_value": 0.018886272731996584,
        "n": 114,
        "ci_lo": 0.04045336308101421,
        "ci_hi": 0.37699403079631977
      },
      "fine_tuned_pooled": {
        "rho": -0.3069941521921333,
        "p_value": 0.0008928447055441837,
        "n": 114,
        "ci_lo": -0.4683168465222685,
        "ci_hi": -0.12890441015662527
      },
      "fine_tuned_folds": [
        {
          "spearman_rho": -0.20311342354690393,
          "spearman_p": 0.35262182978752193,
          "pearson_r": -0.3004996060864875,
          "pearson_p": 0.16355158016405524,
          "n_samples": 23,
          "fold": 0,
          "n_train": 77,
          "n_test": 23
        },
        {
          "spearman_rho": -0.5953460554247042,
          "spearman_p": 0.0027264046570476116,
          "pearson_r": -0.5582333834558105,
          "pearson_p": 0.005635870617089916,
          "n_samples": 23,
          "fold": 1,
          "n_train": 77,
          "n_test": 23
        },
        {
          "spearman_rho": -0.3745059288537549,
          "spearman_p": 0.07830136218924436,
          "pearson_r": -0.2809325700365681,
          "pearson_p": 0.19411284048632924,
          "n_samples": 23,
          "fold": 2,
          "n_train": 77,
          "n_test": 23
        },
        {
          "spearman_rho": -0.222386960087851,
          "spearman_p": 0.30777681985522615,
          "pearson_r": -0.1910817950838512,
          "pearson_p": 0.3824561867763191,