{
  "grasso_sanity_check": {
    "rf_test_mse": 1.1893641510366657,
    "nn_test_mse": 0.9858014028656242,
    "nn_seeds": [
      42,
      123,
      456,
      789,
      1024
    ],
    "nn_n_seeds": 5
  },
  "external_datasets": {
    "Wu": {
      "description": "81 SPs, binary WA (functional/non-functional)",
      "is_binary": true,
      "n_samples": 81,
      "wa_range": [
        0.0,
        1.0
      ],
      "rf_metrics": {
        "spearman_rho": 0.3136701767365589,
        "spearman_p": 0.004351423391041611,
        "pearson_r": 0.3170760977629708,
        "pearson_p": 0.003924739368167129,
        "n_samples": 81,
        "auc_roc": 0.6810975609756097
      },
      "nn_metrics": {
        "spearman_rho": 0.27881793487694123,
        "spearman_p": 0.011716910683577005,
        "pearson_r": 0.2675348067304686,
        "pearson_p": 0.015753396045902174,
        "n_samples": 81,
        "auc_roc": 0.6609756097560975
      }
    },
    "Xue": {
      "description": "322 SPs, WA 0\u201310437 (enzyme activity units)",
      "is_binary": false,
      "n_samples": 322,
      "wa_range": [
        0.0,
        10437.36133
      ],
      "rf_metrics": {
        "spearman_rho": 0.27793195588928155,
        "spearman_p": 4.017731800508495e-07,
        "pearson_r": 0.2950392921119429,
        "pearson_p": 6.881007088615104e-08,
        "n_samples": 322
      },
      "nn_metrics": {
        "spearman_rho": 0.1384342821540477,
        "spearman_p": 0.012902950270727489,
        "pearson_r": 0.18737082603623703,
        "pearson_p": 0.000727104112527978,
        "n_samples": 322
      }
    },
    "Zhang-P43": {
      "description": "114 SPs, WA 0\u2013193 (P43 promoter)",
      "is_binary": false,
      "n_samples": 114,
      "wa_range": [
        0.0,
        193.7
      ],
      "rf_metrics": {
        "spearman_rho": 0.21834089925126843,
        "spearman_p": 0.019607069864262135,
        "pearson_r": 0.19056918425152683,
        "pearson_p": 0.042260025407573384,
        "n_samples": 114
      },
      "nn_metrics": {
        "spearman_rho": 0.19054026995252196,
        "spearman_p": 0.04229188347085126,
        "pearson_r": 0.19463651531491688,
        "pearson_p": 0.037973895817173656,
        "n_samples": 114
      }
    },
    "Zhang-PglVM": {
      "description": "114 SPs, WA 0\u2013327 (PglVM promoter)",
      "is_binary": false,
      "n_samples": 114,
      "wa_range": [
        0.0,
        327.2
      ],
      "rf_metrics": {
        "spearman_rho": 0.25026432026732376,
        "spearman_p": 0.007241696387750287,
        "pearson_r": 0.23694984242492878,
        "pearson_p": 0.011139007531065311,
        "n_samples": 114
      },
      "nn_metrics": {
        "spearman_rho": 0.21094291470841553,
        "spearman_p": 0.02426886761865459,
        "pearson_r": 0.21939875048416535,
        "pearson_p": 0.019008030483071564,
        "n_samples": 114
      }
    }
  },
  "zhang_cross_promoter": {
    "rf_prediction_consistency": 1.0,
    "nn_prediction_consistency": 1.0,
    "actual_wa_correlation": 0.9774064125564045,
    "n_matched": 114,
    "note": "Same 114 sequences measured under P43 and PglVM promoters. Model predictions depend only on SP sequence embedding, so prediction consistency should be ~1.0. The actual WA correlation indicates how much SP efficiency transfers across promoters."
  }
}