{
  "config": {
    "vector_config": {
      "hidden_layers": [
        256,
        256,
        128
      ],
      "dropout": 0.3,
      "learning_rate": 0.0005,
      "batch_size": 32,
      "epochs": 200,
      "loss": "focal"
    },
    "finetune_epochs": 100,
    "finetune_lr": 0.0001,
    "finetune_patience": 10,
    "n_folds": 5,
    "n_seeds": 5,
    "seeds": [
      42,
      123,
      456,
      789,
      1024
    ]
  },
  "grasso_pretrain": {
    "test_mse": 1.031198633358919,
    "test_spearman": 0.8612399885461244
  },
  "datasets": {
    "Wu": {
      "dataset": "Wu",
      "description": "81 SPs, binary WA (functional/non-functional)",
      "is_binary": true,
      "n_samples": 81,
      "n_folds": 5,
      "n_seeds": 5,
      "zero_shot": {
        "spearman_rho": -0.22706763635811497,
        "spearman_p": 0.04149432575621588,
        "pearson_r": -0.2279627364118028,
        "pearson_p": 0.0406767043604368,
        "n_samples": 81,
        "auc_roc": 0.36890243902439024
      },
      "zero_shot_pooled": {
        "rho": -0.22706763635811497,
        "p_value": 0.04149432575621588,
        "n": 81,
        "ci_lo": -0.4381800108075361,
        "ci_hi": -0.01846784601373532,
        "auc_roc": 0.36890243902439024
      },
      "fine_tuned_pooled": {
        "rho": 0.3411295188077728,
        "p_value": 0.0018301391011889788,
        "n": 81,
        "ci_lo": 0.13097367810433896,
        "ci_hi": 0.5363941858133239,
        "auc_roc": 0.6969512195121951
      },
      "fine_tuned_folds": [
        {
          "spearman_rho": 0.0,
          "spearman_p": 1.0,
          "pearson_r": 0.011864372925225922,
          "pearson_p": 0.9639533318400537,
          "n_samples": 17,
          "auc_roc": 0.49999999999999994,
          "fold": 0,
          "n_train": 54,
          "n_test": 17
        },
        {
          "spearman_rho": 0.5152098373193084,
          "spearman_p": 0.041113143376963604,
          "pearson_r": 0.5219625469254611,
          "pearson_p": 0.03808958984779122,
          "n_samples": 16,
          "auc_roc": 0.796875,
          "fold": 1,
          "n_train": 55,
          "n_test": 16
        },
        {
          "spearman_rho": 0.40674460840998033,
          "spearman_p": 0.11793518429630084,
          "pearson_r": 0.4635425359293104,
          "pearson_p": 0.07053950032734436,
          "n_samples": 16,
          "auc_roc": 0.734375,
          "fold": 2,
          "n_train": 55,
          "n_test": 16
        },
        {
          "spearman_rho": 0.3796283011826484,
          "spearman_p": 0.1469773748868854,
          "pearson_r": 0.3543078982744176,
          "pearson_p": 0.17816047368671875,
          "n_samples": 16,
          "auc_roc": 0.71875,
          "fold": 3,
          "n_train": 55,
          "n_test": 16
        },
        {
          "spearman_rho": 0.5423261445466404,
          "spearman_p": 0.02998091903517731,
          "pearson_r": 0.5912608233990837,
          "pearson_p": 0.01585684339667066,
          "n_samples": 16,
          "auc_roc": 0.8125,
          "fold": 4,
          "n_train": 55,
          "n_test": 16
        }
      ],
      "fine_tuned_fold_mean": {
        "spearman_rho_mean": 0.3687817782917155,
        "spearman_rho_std": 0.19448272265619046,
        "pearson_r_mean": 0.38858763549069975,
        "pearson_r_std": 0.20375428444012256
      }
    },
    "Xue": {
      "dataset": "Xue",
      "description": "322 SPs, WA 0\u201310437 (enzyme activity units)",
      "is_binary": false,
      "n_samples": 322,
      "n_folds": 5,
      "n_seeds": 5,
      "zero_shot": {
        "spearman_rho": -0.10399527557647023,
        "spearman_p": 0.06233179534023649,
        "pearson_r": -0.136782945891381,
        "pearson_p": 0.01403004556506464,
        "n_samples": 322
      },
      "zero_shot_pooled": {
        "rho": -0.10399527557647023,
        "p_value": 0.06233179534023649,
        "n": 322,
        "ci_lo": -0.21179871023098942,
        "ci_hi": 0.010041107587658808
      },
      "fine_tuned_pooled": {
        "rho": -0.1919963653900139,
        "p_value": 0.0005319373571638,
        "n": 322,
        "ci_lo": -0.29638496316138974,
        "ci_hi": -0.08599303372332269
      },
      "fine_tuned_folds": [
        {
          "spearman_rho": -0.12677426058801797,
          "spearman_p": 0.31426049635400305,
          "pearson_r": -0.12373583703147321,
          "pearson_p": 0.3260929105666698,
          "n_samples": 65,
          "fold": 0,
          "n_train": 218,
          "n_test": 65
        },
        {
          "spearman_rho": -0.3577337053910584,
          "spearman_p": 0.0034372106451103796,
          "pearson_r": -0.30703572453843275,
          "pearson_p": 0.012854332648134837,
          "n_samples": 65,
          "fold": 1,
          "n_train": 218,
          "n_test": 65
        },
        {
          "spearman_rho": -0.16026741801204752,
          "spearman_p": 0.20584796655908735,
          "pearson_r": -0.14359298874443205,
          "pearson_p": 0.257642374839598,
          "n_samples": 64,
          "fold": 2,
          "n_train": 219,
          "n_test": 64
        },
        {
          "spearman_rho": -0.24196705549954672,
          "spearman_p": 0.05406501573742029,
          "pearson_r": -0.23059127197098875,
          "pearson_p": 0.06677845573745719,
          "n_samples": 64,
          "fold": 3,
          "n_train": 219,
          "n_test": 64
        },
        {
          "spearman_rho": -0.2676282051282051,
          "spearman_p": 0.03251714426292198,
          "pearson_r": -0.2595869333690788,
          "pearson_p": 0.0383195330366869,
          "n_samples": 64,
          "fold": 4,
          "n_train": 219,
          "n_test": 64
        }
      ],
      "fine_tuned_fold_mean": {
        "spearman_rho_mean": -0.23087412892377515,
        "spearman_rho_std": 0.08171824458761856,
        "pearson_r_mean": -0.2129085511308811,
        "pearson_r_std": 0.06943759052153843
      }
    },
    "Zhang-P43": {
      "dataset": "Zhang-P43",
      "description": "114 SPs, WA 0\u2013193 (P43 promoter)",
      "is_binary": false,
      "n_samples": 114,
      "n_folds": 5,
      "n_seeds": 5,
      "zero_shot": {
        "spearman_rho": -0.1944018061311702,
        "spearman_p": 0.038210906827571785,
        "pearson_r": -0.18680166884122953,
        "pearson_p": 0.04658331233694667,
        "n_samples": 114
      },
      "zero_shot_pooled": {
        "rho": -0.1944018061311702,
        "p_value": 0.038210906827571785,
        "n": 114,
        "ci_lo": -0.36300672088980496,
        "ci_hi": -0.0030382438866761517
      },
      "fine_tuned_pooled": {
        "rho": -0.31570590747449806,
        "p_value": 0.0006225117461789646,
        "n": 114,
        "ci_lo": -0.47936794852846787,
        "ci_hi": -0.13260188657119876
      },
      "fine_tuned_folds": [
        {
          "spearman_rho": -0.21349148168433696,
          "spearman_p": 0.32801980738605063,
          "pearson_r": -0.28117151233058096,
          "pearson_p": 0.1937177608110913,
          "n_samples": 23,
          "fold": 0,
          "n_train": 77,
          "n_test": 23
        },
        {
          "spearman_rho": -0.5695906520286272,
          "spearman_p": 0.004552999670626701,
          "pearson_r": -0.5037548459304435,
          "pearson_p": 0.014256474524961683,
          "n_samples": 23,
          "fold": 1,
          "n_train": 77,
          "n_test": 23
        },
        {
          "spearman_rho": -0.3685770750988142,
          "spearman_p": 0.0835251937271713,
          "pearson_r": -0.3306592090117453,
          "pearson_p": 0.1232990033576678,
          "n_samples": 23,
          "fold": 2,
          "n_train": 77,
          "n_test": 23
        },
        {
          "spearman_rho": -0.08104769212090569,
          "spearman_p": 0.7131559681092392,
          "pearson_r": -0.07480465843192663,
          "pearson_p": 0.7344439672102657,
          "n_samples": 23,