{
  "grasso_fig4e_within1WA": 0.733,
  "PhysChem_RF": {
    "within1WA": 0.4113597246127367,
    "spearman": 0.39525835797934067,
    "mae": 1.5529842377765264,
    "n": 5229
  },
  "PhysChem_NN": {
    "within1WA": 0.4088735895964812,
    "spearman": 0.4065419741981117,
    "mae": 1.613454349169405,
    "n": 5229
  },
  "ESM2_RF": {
    "within1WA": 0.4129505192425168,
    "spearman": 0.38336295971533185,
    "mae": 1.5654175080845185,
    "n": 4911
  },
  "ESM2_NN": {
    "within1WA": 0.4076562818163307,
    "spearman": 0.4052145404694937,
    "mae": 1.6096480220724538,
    "n": 4911
  }
}