{
  "dropout_values": [
    0.15,
    0.2,
    0.25,
    0.3,
    0.35
  ],
  "val_fraction": 0.2,
  "seeds": [
    42,
    123,
    456,
    789,
    1024
  ],
  "architecture": [
    256,
    256,
    128
  ],
  "results": {
    "drop-0.15": {
      "dropout": 0.15,
      "val_mse_mean": 1.3747552207250653,
      "val_mse_std": 0.0730827752590429,
      "val_mse_per_seed": [
        1.358467574514888,
        1.4986146539185843,
        1.3454532490030562,
        1.2757148623807444,
        1.3955257638080532
      ],
      "train_mse_mean": 0.09364269083850947,
      "train_mse_per_seed": [
        0.07707558610986044,
        0.06553978131398404,
        0.15576365573873588,
        0.08112697947340611,
        0.0887074515565609
      ],
      "test_mse_script10": 0.985
    },
    "drop-0.20": {
      "dropout": 0.2,
      "val_mse_mean": 1.3325773871166704,
      "val_mse_std": 0.083993325374588,
      "val_mse_per_seed": [
        1.317709606361198,
        1.4849829041974771,
        1.2619122748710911,
        1.2512016915711108,
        1.3470804585824754
      ],
      "train_mse_mean": 0.10287294671133554,
      "train_mse_per_seed": [
        0.09205928944386088,
        0.08769781875070144,
        0.1378954203434757,
        0.09575877782379845,
        0.10095342719484124
      ],
      "test_mse_script10": 0.993
    },
    "drop-0.25": {
      "dropout": 0.25,
      "val_mse_mean": 1.352177074496692,
      "val_mse_std": 0.08961022366147803,
      "val_mse_per_seed": [
        1.3560493608564788,
        1.519865851991954,
        1.2571525905936032,
        1.308576634514703,
        1.3192409345267209
      ],
      "train_mse_mean": 0.13020230757537649,
      "train_mse_per_seed": [
        0.12420389283669134,
        0.1353286337755033,
        0.11688903006317679,
        0.13818310374059253,
        0.13640687746091842
      ],
      "test_mse_script10": 0.971
    },
    "drop-0.30": {
      "dropout": 0.3,
      "val_mse_mean": 1.3383112022793084,
      "val_mse_std": 0.07546168112760146,
      "val_mse_per_seed": [
        1.399915372968097,
        1.4514620793093005,
        1.2467781515536276,
        1.3007549545272197,
        1.2926454530382976
      ],
      "train_mse_mean": 0.17217748869734853,
      "train_mse_per_seed": [
        0.19125503969079738,
        0.14963270508391596,
        0.14622628703891705,
        0.21112607902124977,
        0.1626473326518625
      ],
      "test_mse_script10": 0.94
    },
    "drop-0.35": {
      "dropout": 0.35,
      "val_mse_mean": 1.3467860614141323,
      "val_mse_std": 0.07249343535478606,
      "val_mse_per_seed": [
        1.3348953792974558,
        1.468052555985058,
        1.3399992757997972,
        1.2401687446124896,
        1.3508143513758601
      ],
      "train_mse_mean": 0.1674532302776307,
      "train_mse_per_seed": [
        0.171744234067625,
        0.18108440638850193,
        0.17159121018726664,
        0.1585819147651441,
        0.15426438597961586
      ],
      "test_mse_script10": 0.932
    }
  },
  "best_val_dropout": 0.2,
  "val_test_spearman": {
    "rho": -0.09999999999999999,
    "pval": 0.8728885715695383
  },
  "elapsed_seconds": 2302.4018104076385
}