{
  "data": {
    "embedding_model": "ESM2-650M",
    "embedding_dim": 1280,
    "n_train": 3068,
    "n_train_dropped_nan_bins": 27,
    "n_test": 1326
  },
  "dropout_0.35": {
    "config": {
      "hidden_layers": [
        256,
        256,
        128
      ],
      "dropout": 0.35,
      "lr": 0.0005,
      "loss": "focal",
      "epochs": 300,
      "batch_size": 32
    },
    "ensemble_mse": 1.0849969831127109,
    "seed_mses": [
      1.124059818408994,
      1.138568698291709,
      1.0625304181412702,
      1.1304838332660032,
      1.1066240117578034
    ],
    "bootstrap_ci": {
      "mse": {
        "point": 1.0849969831127109,
        "ci_lo": 0.9664195589267525,
        "ci_hi": 1.220315739660921
      },
      "r2": {
        "point": 0.7721606606407476,
        "ci_lo": 0.7432468664029653,
        "ci_hi": 0.7977400414047265
      },
      "spearman": {
        "point": 0.8567930422239305,
        "ci_lo": 0.8398675725248985,
        "ci_hi": 0.8711283473348604
      },
      "n_test": 1326
    }
  },
  "dropout_0.20": {
    "config": {
      "hidden_layers": [
        256,
        256,
        128
      ],
      "dropout": 0.2,
      "lr": 0.0005,
      "loss": "focal",
      "epochs": 300,
      "batch_size": 32
    },
    "ensemble_mse": 1.1122716040052145,
    "seed_mses": [
      1.1653017907526821,
      1.1539158337190472,
      1.1558973397687191,
      1.1408725317845567,
      1.1398234917061731
    ],
    "bootstrap_ci": {
      "mse": {
        "point": 1.1122716040052145,
        "ci_lo": 0.9897076622224878,
        "ci_hi": 1.2496347216427521
      },
      "r2": {
        "point": 0.7664332423141138,
        "ci_lo": 0.7367593356162442,
        "ci_hi": 0.7928947078562834
      },
      "spearman": {
        "point": 0.8570810000597028,
        "ci_lo": 0.8401547202764255,
        "ci_hi": 0.8712628841659216
      },
      "n_test": 1326
    }
  },
  "summary": {
    "best_esm2_config": "dropout_0.35",
    "best_esm2_mse": 1.0849969831127109,
    "ginkgo_best_mse": 0.932,
    "ginkgo_best_ci": [
      0.823,
      1.054
    ],
    "prior_benchmark_mse": 0.953,
    "gap_to_ginkgo": 0.15299698311271082,
    "gap_to_ginkgo_pct": 16.41598531252262,
    "gap_to_prior": 0.1319969831127109,
    "gap_to_prior_pct": 13.850680284649624,
    "cis_overlap": true,
    "total_time_min": 19.33295031785965
  }
}