{
  "prott5": {
    "mean": 1.016602540818213,
    "std": 0.000260171505176765,
    "open": true
  },
  "esm2-650M": {
    "mean": 1.0724370133525838,
    "std": 0.006492462831858226,
    "open": true
  },
  "protbert": {
    "mean": 1.0843740430847055,
    "std": 0.005941476316665861,
    "open": true
  },
  "ginkgo-AA0-650M": {
    "mean": 0.9592016723398165,
    "std": 0.013470290343801428,
    "open": false
  },
  "prott5+esm2": {
    "mean": 0.9952178797536044,
    "std": 0.005142508934134982,
    "open": true
  },
  "prott5+protbert": {
    "mean": 0.986253128325856,
    "std": 0.0022102003959034167,
    "open": true
  },
  "prott5+esm2+protbert": {
    "mean": 0.9811529132686346,
    "std": 0.004859990448749629,
    "open": true
  },
  "prott5+esm2+protbert+ginkgo": {
    "mean": 0.9559607227189868,
    "std": 0.0007774239475636935,
    "open": false
  }
}