{
  "prott5": {
    "mean": 1.0132803834997504,
    "std": 0.007333286407010891,
    "open": true
  },
  "esm2-650M": {
    "mean": 1.0702134322508954,
    "std": 0.004324995329242422,
    "open": true
  },
  "protbert": {
    "mean": 1.068409664145244,
    "std": 0.008001545105029458,
    "open": true
  },
  "ginkgo-AA0-650M": {
    "mean": 0.9653626551515672,
    "std": 0.0046683819039756175,
    "open": false
  },
  "prott5+esm2": {
    "mean": 0.9935357266663528,
    "std": 0.003579735100709792,
    "open": true
  },
  "prott5+protbert": {
    "mean": 0.9774794835239089,
    "std": 0.004844904603150894,
    "open": true
  },
  "prott5+esm2+protbert": {
    "mean": 0.9745621062047803,
    "std": 0.003352570887244473,
    "open": true
  },
  "prott5+esm2+protbert+ginkgo": {
    "mean": 0.9525570376564282,
    "std": 0.0022106703796725344,
    "open": false
  }
}