{
  "logo_cv": {
    "overall_mse": 2.1868783267423426,
    "bootstrap_ci": {
      "mse": {
        "point": 2.1868783267423426,
        "ci_lo": 2.0748679915748798,
        "ci_hi": 2.3035061669423467
      },
      "spearman": {
        "point": 0.7196057581828678,
        "ci_lo": 0.7039575506110459,
        "ci_hi": 0.7343838515160278
      }
    },
    "n_samples": 4341,
    "n_genes": 135,
    "seed": 42
  },
  "per_gene": {
    "abnB": {
      "n_samples": 70,
      "mse": 0.5391523522984852,
      "mean_wa": 4.377419133432805
    },
    "amiE": {
      "n_samples": 29,
      "mse": 1.1330027679671093,
      "mean_wa": 2.434815155971003
    },
    "amyM": {
      "n_samples": 1,
      "mse": 0.06299868867687791,
      "mean_wa": 3.80746703969786
    },
    "amyQ": {
      "n_samples": 1,
      "mse": 0.913531593483294,
      "mean_wa": 1.16135907344079
    },
    "aprE": {
      "n_samples": 31,
      "mse": 3.1190775815924465,
      "mean_wa": 3.6851338558938145
    },
    "aspB": {
      "n_samples": 74,
      "mse": 4.178212296923263,
      "mean_wa": 7.237801797479793
    },
    "bdbA": {
      "n_samples": 4,
      "mse": 7.408317520055578,
      "mean_wa": 6.2434934655760035
    },
    "bglS": {
      "n_samples": 74,
      "mse": 2.0658350529547245,
      "mean_wa": 2.3226101063806803
    },
    "bofC": {
      "n_samples": 36,
      "mse": 1.8531370266058507,
      "mean_wa": 3.7742220231334986
    },
    "bpr": {
      "n_samples": 20,
      "mse": 1.148503212010635,
      "mean_wa": 2.9488138972597424
    },
    "bslA": {
      "n_samples": 39,
      "mse": 2.0635541438782012,
      "mean_wa": 4.018402106354161
    },
    "bsn": {
      "n_samples": 48,
      "mse": 2.8193592047626255,
      "mean_wa": 2.805541888632003
    },
    "cwlD": {
      "n_samples": 26,
      "mse": 1.2904098014337428,
      "mean_wa": 6.8119267716020016
    },
    "cwlO": {
      "n_samples": 11,
      "mse": 2.4953884846218948,
      "mean_wa": 3.6971825816482564
    },
    "cwlS": {
      "n_samples": 72,
      "mse": 1.4056036335615347,
      "mean_wa": 4.566198344818867
    },
    "dacB": {
      "n_samples": 17,
      "mse": 2.9202530536166655,
      "mean_wa": 4.771345001134922
    },
    "dacC": {
      "n_samples": 11,
      "mse": 6.223722076346982,
      "mean_wa": 6.4558007987083785
    },
    "dacF": {
      "n_samples": 46,
      "mse": 2.8003615346054036,
      "mean_wa": 2.4642750189533644
    },
    "dltD": {
      "n_samples": 25,
      "mse": 0.9512734107811925,
      "mean_wa": 6.385885536042397
    },
    "eglS": {
      "n_samples": 21,
      "mse": 1.0808784296228888,
      "mean_wa": 3.27429155630991
    },
    "epr": {
      "n_samples": 68,
      "mse": 1.5237340102983707,
      "mean_wa": 3.3767063282674132
    },
    "estA": {
      "n_samples": 38,
      "mse": 0.8350626449829094,
      "mean_wa": 3.133106008242324
    },
    "estB": {
      "n_samples": 64,
      "mse": 3.273769769579637,
      "mean_wa": 3.593594929763481
    },
    "exlX": {
      "n_samples": 10,
      "mse": 0.9882008947492201,
      "mean_wa": 5.409155175994385
    },
    "fliZ": {
      "n_samples": 28,
      "mse": 1.0288212283780032,
      "mean_wa": 4.593212603933563
    },
    "ggt": {
      "n_samples": 39,
      "mse": 1.7129371227684766,
      "mean_wa": 2.9992314137056444
    },
    "glpQA": {
      "n_samples": 19,
      "mse": 1.8100868151790512,
      "mean_wa": 3.8333256789868213
    },
    "gmuG": {
      "n_samples": 44,
      "mse": 6.2369372043686155,
      "mean_wa": 3.480569230056645
    },
    "iseA": {
      "n_samples": 21,
      "mse": 1.4005606514263627,
      "mean_wa": 3.4027124287879027
    },
    "liaG": {
      "n_samples": 5,
      "mse": 3.174092770069246,
      "mean_wa": 4.997049890836654
    },
    "lytB": {
      "n_samples": 27,
      "mse": 0.9366083460067584,
      "mean_wa": 4.364499319268582
    },
    "lytC": {
      "n_samples": 70,
      "mse": 1.0115304252105382,
      "mean_wa": 3.966757044123526
    },
    "lytD": {
      "n_samples": 79,
      "mse": 2.599110935255349,
      "mean_wa": 5.075663415586009
    },
    "lytE": {
      "n_samples": 58,
      "mse": 1.1099107380011861,
      "mean_wa": 3.3700354332273763
    },
    "lytF": {
      "n_samples": 71,
      "mse": 1.499499787403575,
      "mean_wa": 4.704495198442276
    },
    "lytH": {
      "n_samples": 61,
      "mse": 1.4931512569280583,
      "mean_wa": 5.616952908431631
    },
    "nagZ": {
      "n_samples": 79,
      "mse": 6.2356921095465205,
      "mean_wa": 3.874318627166761
    },
    "nprB": {
      "n_samples": 51,
      "mse": 1.6084162342664217,
      "mean_wa": 3.9435442823378137
    },
    "nprE": {
      "n_samples": 69,
      "mse": 3.5804595242558404,
      "mean_wa": 3.08202830596968
    },
    "nucB": {
      "n_samples": 27,
      "mse": 3.971762264848331,
      "mean_wa": 5.136296476223425
    },
    "pbpD": {
      "n_samples": 54,
      "mse": 2.3989865414424987,
      "mean_wa": 6.373357003511059
    },
    "pdaA": {
      "n_samples": 63,
      "mse": 2.8933106233798047,
      "mean_wa": 4.006318410746175
    },
    "pel": {
      "n_samples": 24,
      "mse": 1.3908600979276902,
      "mean_wa": 5.089277843636068
    },
    "pelB": {
      "n_samples": 11,
      "mse": 1.9623163096978233,
      "mean_wa": 5.162545054296533
    },
    "pelC": {
      "n_samples": 21,
      "mse": 0.9605735052232776,
      "mean_wa": 4.0727418977836365
    },
    "phrA": {
      "n_samples": 48,
      "mse": 3.5735599444758392,
      "mean_wa": 6.603277348813141
    },
    "phrC": {
      "n_samples": 6,
      "mse": 0.6483989994093462,
      "mean_wa": 6.491657459409119
    },
    "phrF": {
      "n_samples": 29,
      "mse": 1.9856087778022844,
      "mean_wa": 6.2264147127578555
    },
    "phrG": {
      "n_samples": 19,
      "mse": 0.556171881752459,
      "mean_wa": 6.24124474227438
    },
    "phrH": {
      "n_samples": 32,
      "mse": 3.430738397759706,
      "mean_wa": 6.111957487107768
    },
    "phrK": {
      "n_samples": 18,
      "mse": 1.5935579719963586,
      "mean_wa": 5.918871698059886
    },
    "phy": {
      "n_samples": 40,
      "mse": 4.441577087817683,
      "mean_wa": 5.450454074882957
    },
    "sacB": {
      "n_samples": 4,
      "mse": 3.707659662225037,
      "mean_wa": 2.824479654422287
    },
    "sacC": {
      "n_samples": 9,
      "mse": 2.027749690129008,
      "mean_wa": 5.15463717417352
    },
    "sleB": {
      "n_samples": 63,
      "mse": 2.358596133016214,
      "mean_wa": 6.131155103184009
    },
    "spoIID": {
      "n_samples": 14,
      "mse": 7.158797440289391,
      "mean_wa": 6.000250841962516
    },
    "stoA": {
      "n_samples": 36,
      "mse": 1.2195345135044564,
      "mean_wa": 3.747341743399267
    },
    "tasA": {
      "n_samples": 22,
      "mse": 0.9807558907864892,
      "mean_wa": 6.45580507192638
    },
    "vpr": {
      "n_samples": 47,
      "mse": 1.0477287024787716,
      "mean_wa": 3.476645509417652
    },
    "wapA": {
      "n_samples": 23,
      "mse": 0.9247814556962056,
      "mean_wa": 3.5657163110805157
    },
    "xynA": {
      "n_samples": 10,
      "mse": 1.3717805981670872,
      "mean_wa": 4.449861934839829
    },
    "xynD": {
      "n_samples": 20,
      "mse": 1.4819012117399777,
      "mean_wa": 4.307039535099578
    },
    "yacD": {
      "n_samples": 10,
      "mse": 1.8208967057941385,
      "mean_wa": 6.201568045273886
    },
    "ybbC": {
      "n_samples": 31,
      "mse": 1.1136975594426102,
      "mean_wa": 4.921121302382621
    },
    "ybdN": {
      "n_samples": 9,
      "mse": 3.6433491879395796,
      "mean_wa": 4.964303540748195
    },
    "ybfO": {
      "n_samples": 30,
      "mse": 0.8864622373773522,
      "mean_wa": 3.177213145953809
    },
    "ybxI": {
      "n_samples": 48,
      "mse": 2.976069566349754,
      "mean_wa": 6.282142580671846
    },
    "yckD": {
      "n_samples": 19,
      "mse": 0.44412757024595256,