{
  "linear_probe": {
    "bootstrap_ci": {
      "mse": {
        "point": 1.0366329145950166,
        "ci_lo": 0.9244785270446109,
        "ci_hi": 1.1584705796387786
      },
      "r2": {
        "point": 0.7823166680686985,
        "ci_lo": 0.755924448718352,
        "ci_hi": 0.8061923443869571
      },
      "spearman": {
        "point": 0.8651050575891754,
        "ci_lo": 0.8493185384569367,
        "ci_hi": 0.878793936506164
      }
    },
    "seed_mses": [
      1.0809479869086125,
      1.0641362392488634,
      1.061095444740652,
      1.0897887287886372,
      1.1026586089478296
    ],
    "description": "Input(1280) \u2192 Dense(10, softmax), focal loss, 5-seed"
  },
  "ridge": {
    "bootstrap_ci": {
      "mse": {
        "point": 1.0878622847731554,
        "ci_lo": 0.9842450627218973,
        "ci_hi": 1.1975383808731896
      },
      "r2": {
        "point": 0.7715589737719899,
        "ci_lo": 0.7476883609735575,
        "ci_hi": 0.7938019466246986
      },
      "spearman": {
        "point": 0.8586704963021351,
        "ci_lo": 0.8443520705902874,
        "ci_hi": 0.8711442116519974
      }
    },
    "info": {
      "best_alpha": 244.205309454865
    },
    "description": "Ridge regression (alpha via 5-fold CV)"
  },
  "xgboost": {
    "bootstrap_ci": {
      "mse": {
        "point": 1.0676774522566683,
        "ci_lo": 0.9577382804281965,
        "ci_hi": 1.1844900674809749
      },
      "r2": {
        "point": 0.7757976020605588,
        "ci_lo": 0.7509188925432165,
        "ci_hi": 0.7986728993977461
      },
      "spearman": {
        "point": 0.8622875261030497,
        "ci_lo": 0.8473497516069212,
        "ci_hi": 0.8750580627145652
      }
    },
    "info": {
      "best_params": {
        "n_estimators": 1000,
        "max_depth": 4,
        "learning_rate": 0.01,
        "subsample": 0.8,
        "colsample_bytree": 0.8
      },
      "cv_mse": 1.6302101042741945
    },
    "description": "XGBoost regressor (hyperparameter search)"
  },
  "best_nn": {
    "bootstrap_ci": {
      "mse": {
        "point": 0.9808260471457598,
        "ci_lo": 0.8668112448188504,
        "ci_hi": 1.1050582581977468
      },
      "r2": {
        "point": 0.794035594489001,
        "ci_lo": 0.7681491986113262,
        "ci_hi": 0.8179909375644617
      },
      "spearman": {
        "point": 0.8679857322526697,
        "ci_lo": 0.8513628875469795,
        "ci_hi": 0.8819770031009736
      }
    },
    "seed_mses": [
      1.0692421783081933,
      1.0040706157531827,
      0.9715059510021579,
      1.0119999024027693,
      1.0652403235933674
    ],
    "description": "(256,256,128) dropout=0.35, focal, 5-seed"
  },
  "embedding_contribution": {
    "baseline_mse": 4.762280100922355,
    "embedding_pct": 98.52419554341745,
    "mlp_pct": 1.4758044565825514
  },
  "elapsed_minutes": 39.00456581910451
}