{
  "linear_probe": {
    "bootstrap_ci": {
      "mse": {
        "point": 1.038533466203361,
        "ci_lo": 0.9259424719183003,
        "ci_hi": 1.161364886562241
      },
      "r2": {
        "point": 0.78191756979506,
        "ci_lo": 0.7556375887978809,
        "ci_hi": 0.8058350250505936
      },
      "spearman": {
        "point": 0.865176112745714,
        "ci_lo": 0.8493285280493857,
        "ci_hi": 0.8789045892566474
      }
    },
    "seed_mses": [
      1.0686909547856014,
      1.074982350267492,
      1.063423948232839,
      1.087475779825212,
      1.1110145616025175
    ],
    "description": "Input(1280) \u2192 Dense(10, softmax), focal loss, 5-seed"
  },
  "ridge": {
    "bootstrap_ci": {
      "mse": {
        "point": 1.0878622847731554,
        "ci_lo": 0.9842450627218973,
        "ci_hi": 1.1975383808731896
      },
      "r2": {
        "point": 0.7715589737719899,
        "ci_lo": 0.7476883609735575,
        "ci_hi": 0.7938019466246986
      },
      "spearman": {
        "point": 0.8586704963021351,
        "ci_lo": 0.8443520705902874,
        "ci_hi": 0.8711442116519974
      }
    },
    "info": {
      "best_alpha": 244.205309454865
    },
    "description": "Ridge regression (alpha via 5-fold CV)"
  },
  "xgboost": {
    "bootstrap_ci": {
      "mse": {
        "point": 1.0676774522566683,
        "ci_lo": 0.9577382804281965,
        "ci_hi": 1.1844900674809749
      },
      "r2": {
        "point": 0.7757976020605588,
        "ci_lo": 0.7509188925432165,
        "ci_hi": 0.7986728993977461
      },
      "spearman": {
        "point": 0.8622875261030497,
        "ci_lo": 0.8473497516069212,
        "ci_hi": 0.8750580627145652
      }
    },
    "info": {
      "best_params": {
        "n_estimators": 1000,
        "max_depth": 4,
        "learning_rate": 0.01,
        "subsample": 0.8,
        "colsample_bytree": 0.8
      },
      "cv_mse": 1.6302101042741945
    },
    "description": "XGBoost regressor (hyperparameter search)"
  },
  "best_nn": {
    "bootstrap_ci": {
      "mse": {
        "point": 0.957,
        "ci_lo": 0.8318219186121216,
        "ci_hi": 1.0663657748362236
      },
      "r2": {
        "point": 0.8017283482095465,
        "ci_lo": 0.7758877120541443,
        "ci_hi": 0.8255901410201657
      },
      "spearman": {
        "point": 0.8719041869732844,
        "ci_lo": 0.8555462350208767,
        "ci_hi": 0.8855327895079539
      }
    },
    "seed_mses": [
      0.9714821919850976,
      0.9612014781027557,
      0.9555722456875921,
      1.0090525866738413,
      0.9824291049165468
    ],
    "description": "(256,256,128) dropout=0.35, focal, 5-seed",
    "single_draw_mse": 0.9441922744088218,
    "note": "Point estimate is the reproducible 5-seed mean (0.957 +/- 0.009, Section 3.4); CI/R2/Spearman are from a single draw (complementary single-initialization bound), per the paper-wide convention."
  },
  "embedding_contribution": {
    "baseline_mse": 4.762280100922355,
    "embedding_pct": 97.85735966759455,
    "mlp_pct": 2.142640332405449
  },
  "elapsed_minutes": 35.464234646161394
}