{
  "vector_10bin": {
    "bootstrap_ci": {
      "mse": {
        "point": 0.9705438944966427,
        "ci_lo": 0.8554694556201787,
        "ci_hi": 1.0973091841030436
      },
      "spearman": {
        "point": 0.8704874248194729,
        "ci_lo": 0.8539856634196737,
        "ci_hi": 0.8842137517529062
      }
    },
    "output_dim": 10,
    "loss": "focal"
  },
  "vector_10bin_cce": {
    "bootstrap_ci": {
      "mse": {
        "point": 0.993815525351786,
        "ci_lo": 0.8769804854581444,
        "ci_hi": 1.1205885431162572
      },
      "spearman": {
        "point": 0.8669595385804335,
        "ci_lo": 0.850357044110075,
        "ci_hi": 0.8808612737780676
      }
    },
    "output_dim": 10,
    "loss": "categorical_crossentropy"
  },
  "5class": {
    "bootstrap_ci": {
      "mse": {
        "point": 1.12628380196437,
        "ci_lo": 1.0011676424572413,
        "ci_hi": 1.2572678087800222
      },
      "spearman": {
        "point": 0.8573867406956717,
        "ci_lo": 0.8415534148185336,
        "ci_hi": 0.871206952363384
      }
    },
    "class_metrics": {
      "accuracy": 0.6568627450980392,
      "macro_f1": 0.5040699521841272
    },
    "output_dim": 5
  },
  "3class": {
    "bootstrap_ci": {
      "mse": {
        "point": 1.2927322968778527,
        "ci_lo": 1.160919855708554,
        "ci_hi": 1.4333147969484359
      },
      "spearman": {
        "point": 0.8436317533063359,
        "ci_lo": 0.827281256946689,
        "ci_hi": 0.8579726425794715
      }
    },
    "class_metrics": {
      "accuracy": 0.746606334841629,
      "macro_f1": 0.7283150745543376
    },
    "output_dim": 3
  },
  "binary": {
    "bootstrap_ci": {
      "mse": {
        "point": 1.2406831759447896,
        "ci_lo": 1.1110238704197255,
        "ci_hi": 1.379893103060689
      },
      "spearman": {
        "point": 0.8331481776249882,
        "ci_lo": 0.817839386378199,
        "ci_hi": 0.847018193838108
      }
    },
    "class_metrics": {
      "accuracy": 0.9268476621417798,
      "f1": 0.9256704980842911,
      "auc_roc": 0.9665762718034003
    },
    "output_dim": 2,
    "threshold": 4.420282747614895
  }
}