{
  "leaky_relu": {
    "mse": 0.9608404895895607,
    "seed_mses": [
      1.006006448938843,
      0.9896391709382759,
      0.998425414018449,
      1.01878572049381,
      0.962361878871329
    ],
    "bootstrap_ci": {
      "mse": {
        "point": 0.9608404895895607,
        "ci_lo": 0.8473155547234302,
        "ci_hi": 1.084880505636961
      },
      "r2": {
        "point": 0.7982323768775266,
        "ci_lo": 0.772019158419103,
        "ci_hi": 0.8225127283367194
      },
      "spearman": {
        "point": 0.8695539127342522,
        "ci_lo": 0.8530335554909764,
        "ci_hi": 0.8832764642699206
      }
    },
    "sparsity": {
      "frac_zero": [
        0.0,
        0.0,
        0.0
      ],
      "hoyer": [
        0.2979686494108,
        0.26917504259913416,
        0.31531887154262817
      ]
    },
    "lr_used": 0.0005,
    "config": {
      "hidden_layers": [
        256,
        256,
        128
      ],
      "dropout": 0.35,
      "lr": 0.0005,
      "activation": "leaky_relu",
      "epochs": 300,
      "batch_size": 32
    },
    "error_stats": {
      "mean": 0.01089846879509036,
      "std": 0.9801641255256607,
      "median": -0.044655165326593305
    }
  },
  "relu_squared": {
    "mse": 5.110109232810221,
    "seed_mses": [
      5.50918959388415,
      9.074312666074873,
      4.665703764890609,
      6.523462843556958,
      6.559612683033217
    ],
    "bootstrap_ci": {
      "mse": {
        "point": 5.110109232810221,
        "ci_lo": 4.7804163433573805,
        "ci_hi": 5.442636774046499
      },
      "r2": {
        "point": -0.0730757133691955,
        "ci_lo": -0.13708365607640688,
        "ci_hi": -0.015292498273016908
      },
      "spearman": {
        "point": 0.5759629756204523,
        "ci_lo": 0.5405378914164569,
        "ci_hi": 0.6089202963657014
      }
    },
    "sparsity": {
      "frac_zero": [
        0.5568046875,
        0.7131484375,
        0.750109375
      ],
      "hoyer": [
        0.6649009300491244,
        0.871241019762685,
        0.9180234236834321
      ]
    },
    "lr_used": 0.0005,
    "config": {
      "hidden_layers": [
        256,
        256,
        128
      ],
      "dropout": 0.35,
      "lr": 0.0005,
      "activation": "relu_squared",
      "epochs": 300,
      "batch_size": 32
    },
    "error_stats": {
      "mean": 1.3475520199836186,
      "std": 1.8149966353269886,
      "median": 1.3227070178018199
    }
  }
}