{
  "phase1": {
    "200ep": {
      "mse": 1.0731058344865214,
      "time": 73.0
    },
    "300ep": {
      "mse": 1.066398492855024,
      "time": 107.4
    },
    "500ep": {
      "mse": 1.0767421428107968,
      "time": 175.0
    },
    "200ep-noLRred": {
      "mse": 1.1189248795408482,
      "time": 70.8
    },
    "300ep-lr1e-3": {
      "mse": 1.063842400290902,
      "time": 105.6
    },
    "300ep-cosine": {
      "mse": 1.0589287259654534,
      "time": 105.3
    }
  },
  "phase2": {
    "5_seed": {
      "mse": 1.0014346862554346,
      "seed_mses": [
        1.0368288028246486,
        1.0292119923645024,
        1.0333675885670506,
        1.1443682251241252,
        1.052803126079016
      ]
    },
    "10_seed": {
      "mse": 1.0041723721377307,
      "seed_mses": [
        1.0368288028246486,
        1.0292119923645024,
        1.0333675885670506,
        1.1443682251241252,
        1.052803126079016,
        1.1008389874086415,
        1.1363610433160818,
        1.020302450594606,
        1.041278631951599,
        1.1027906859533314
      ]
    },
    "config_epochs": 300
  },
  "phase3": {
    "wider-384": {
      "mse": 1.0581189544031027,
      "time": 133.7
    },
    "wider-512-256": {
      "mse": 1.0855564225573946,
      "time": 150.9
    },
    "wide-512": {
      "mse": 1.0731118656135674,
      "time": 163.3
    },
    "deeper-3layer": {
      "mse": 1.008615711661249,
      "time": 112.5
    },
    "deep-3x256": {
      "mse": 1.0026024893356578,
      "time": 118.7
    },
    "drop-0.10": {
      "mse": 1.1278664192999286,
      "time": 108.4
    },
    "drop-0.15": {
      "mse": 1.07042152728969,
      "time": 104.9
    },
    "drop-0.30": {
      "mse": 1.0184877357301183,
      "time": 107.1
    },
    "lr-1e-3": {
      "mse": 1.0450558374123236,
      "time": 107.0
    },
    "lr-2e-4": {
      "mse": 1.058099758578041,
      "time": 108.4
    },
    "CE-256": {
      "mse": 1.10676761804073,
      "time": 95.7
    },
    "CE-384": {
      "mse": 1.164040739849761,
      "time": 118.9
    },
    "batch-64": {
      "mse": 1.052755229864711,
      "time": 62.4
    },
    "w384-d0.15": {
      "mse": 1.0676819567626206,
      "time": 127.8
    },
    "w512-d0.15": {
      "mse": 1.0769020355374896,
      "time": 146.7
    },
    "long-500": {
      "mse": 1.0645942000741597,
      "time": 173.5
    }
  },
  "phase4": {
    "deep-3x256_5seed": {
      "mse": 0.9937176915009501,
      "seed_mses": [
        1.037126032435943,
        1.0585107701759118,
        1.039228755943291,
        1.0928213290790059,
        1.0670250165963413
      ]
    },
    "deeper-3layer_5seed": {
      "mse": 0.9731507795556406,
      "seed_mses": [
        1.0216077027947725,
        1.0596932075382326,
        1.012639215564626,
        1.0203404791040593,
        0.9973977187395885
      ]
    },
    "drop-0.30_5seed": {
      "mse": 0.9889731264454978,
      "seed_mses": [
        1.0107250445682787,
        1.0269992137922033,
        1.0088859940103314,
        1.0375611155291187,
        1.029560417086903
      ]
    },
    "mixed_top5": {
      "mse": 1.0000961021663424,
      "configs": [
        "deep-3x256",
        "deeper-3layer",
        "drop-0.30",
        "lr-1e-3",
        "batch-64"
      ]
    },
    "deep-3x256_10seed": {
      "mse": 0.9841683398647876,
      "seed_mses": [
        1.0617784746606829,
        1.0709845801653408,
        1.0261996563538343,
        1.0829053521039962,
        1.0351477230866708,
        1.0683694819593461,
        1.0341597202329444,
        1.04695306406607,
        1.0115689221486874,
        1.0292041953037587
      ]
    }
  },
  "phase5": {
    "single": {
      "mse": 1.1826550603264105
    },
    "5seed_prototype": {
      "mse": 1.1403527894738505,
      "seed_mses": [
        1.2198900373400998,
        1.1422650060854342,
        1.1864580833759322,
        1.2489286008178726,
        1.1594154993297003
      ]
    },
    "5seed_deep-3x256": {
      "mse": 1.120240817382479,
      "seed_mses": [
        1.1491896889881243,
        1.157730191448379,
        1.1769901178251971,
        1.1781267009296374,
        1.1622504717045206
      ]
    }
  },
  "phase6_bootstrap": {
    "best_model": "P4-deeper-3layer_5seed",
    "best_mse": 0.9731507795556406,
    "bootstrap_ci": {
      "mse": {
        "point": 0.9731507795556406,
        "ci_lo": 0.8577768860308405,
        "ci_hi": 1.1006296755346758
      },
      "r2": {
        "point": 0.7956473297512701,
        "ci_lo": 0.7686787058623554,
        "ci_hi": 0.8201169016313762
      },
      "spearman": {
        "point": 0.8694115010703921,
        "ci_lo": 0.8527851667164822,
        "ci_hi": 0.8830834875044344
      },
      "n_test": 1326
    }
  }
}