{
  "phase1_dropout": {
    "drop-0.15": {
      "mse": 0.9851554799444971,
      "seed_mses": [
        1.010967061603759,
        1.0515001331359435,
        1.0532472870928689,
        1.0639177110350517,
        1.01451777276485
      ],
      "dropout": 0.15
    },
    "drop-0.20": {
      "mse": 0.993441262688741,
      "seed_mses": [
        1.0293781630710708,
        1.0640794118755394,
        1.0353570808877053,
        1.0442387558840869,
        1.01964849771624
      ],
      "dropout": 0.2
    },
    "drop-0.25": {
      "mse": 0.9706970708905703,
      "seed_mses": [
        1.006296698469221,
        1.0102868445859967,
        1.0174876369920673,
        1.0600933360707503,
        1.031086919386241
      ],
      "dropout": 0.25
    },
    "drop-0.30": {
      "mse": 0.9398984850958446,
      "seed_mses": [
        0.962532568420083,
        0.9844627655259283,
        1.004324906210604,
        1.0194646905645006,
        0.9874096854980502
      ],
      "dropout": 0.3
    },
    "drop-0.35": {
      "mse": 0.9322951891252055,
      "seed_mses": [
        1.0227436148080031,
        0.986086343158006,
        0.9503485877854017,
        0.9632390137569747,
        0.9741004018983986
      ],
      "dropout": 0.35
    }
  },
  "phase2_4layer": {
    "256-256-128-64": {
      "mse": 0.9404955654170838,
      "seed_mses": [
        0.9932949943449542,
        0.941011668863496,
        0.9656038122782972,
        0.9564456593906961,
        0.9800908883517904
      ],
      "arch": [
        256,
        256,
        128,
        64
      ]
    },
    "256-256-256-128": {
      "mse": 0.9590754054819514,
      "seed_mses": [
        0.9771536685467027,
        0.980941734649719,
        0.9703760037206556,
        0.9926434984992427,
        1.013089231618284
      ],
      "arch": [
        256,
        256,
        256,
        128
      ]
    },
    "384-256-128-64": {
      "mse": 0.9560316460272305,
      "seed_mses": [
        0.9824330173501578,
        0.9998185745962084,
        0.9804709086158029,
        1.0157814244648127,
        1.0028453173855114
      ],
      "arch": [
        384,
        256,
        128,
        64
      ]
    },
    "256-128-64-32": {
      "mse": 0.9577819518279252,
      "seed_mses": [
        0.9757089859586153,
        0.9805920221081205,
        0.9720479994734321,
        0.999515398049165,
        0.981817752812155
      ],
      "arch": [
        256,
        128,
        64,
        32
      ]
    },
    "384-384-256-128": {
      "mse": 0.9483579791894686,
      "seed_mses": [
        0.9901524578098014,
        0.990602791016329,
        0.9789738417317168,
        1.0004575250142602,
        1.0231897115192166
      ],
      "arch": [
        384,
        384,
        256,
        128
      ]
    }
  },
  "phase3_cosine": {
    "cos-256x3": {
      "mse": 0.9691991674974196,
      "seed_mses": [
        0.968101120754752,
        0.9884754214281634,
        0.975472875625353,
        0.9825985806328362,
        0.9962115186297618
      ]
    },
    "cos-256x3-400": {
      "mse": 0.9816962186169281,
      "seed_mses": [
        1.000641495373834,
        1.0030754839133318,
        0.98764402021209,
        0.9961040625802575,
        0.9947805095448999
      ]
    },
    "cos-3x256": {
      "mse": 0.966263278940689,
      "seed_mses": [
        0.9860014085295971,
        0.9811725482335207,
        0.9577930149676966,
        0.988767255228504,
        0.9833469734976965
      ]
    },
    "cos-lr1e-3": {
      "mse": 0.9774827098629315,
      "seed_mses": [
        0.9791848957893053,
        1.0099911938023491,
        0.987955097839276,
        0.9955582876587415,
        0.9817808363157727
      ]
    }
  },
  "phase4_large_ensemble": {
    "S09-winner-20seed": {
      "mse": 0.9856321222061101,
      "seed_mses": [
        1.046062134172358,
        1.0389424122800905,
        0.9927206974856795,
        1.0451222371621858,
        1.0610184044752533,
        1.0407603351301982,
        1.0517600306704622,
        1.0298443519610958,
        1.0261951733067152,
        1.0417518759166144,
        1.083501367895046,
        1.0163800031269132,
        1.030475476905883,
        1.1090482187746948,
        1.0207947523891892,
        1.070230574134382,
        1.0315171803676322,
        1.0209759627749881,
        1.1457147832805217,
        1.0644011058401297
      ]
    },
    "P1-best-drop-20seed": {
      "mse": 0.9596901942908866,
      "seed_mses": [
        1.017088795766826,
        0.9885022360349472,
        0.9770551118979036,
        1.0141688491633583,
        0.9662330484308321,
        0.9890653516274225,
        1.0378794105582825,
        0.9929317879263195,
        1.0326828002992285,
        0.9894796072063164,
        1.0383384145664376,
        1.0005366745476194,
        0.9908375803508604,
        1.0050568644041324,
        0.9884281865867053,
        1.005537532916495,
        1.01319183584516,
        1.037768163481143,
        1.0041303364815732,
        0.9955024829315001
      ]
    },
    "3x256-20seed": {
      "mse": 0.9897361537159602,
      "seed_mses": [
        0.9986972134382907,
        1.0249375108703733,
        1.0505090833765756,
        1.0367535974804902,
        1.007349919661044,
        1.1467224792500976,
        1.0529437478451344,
        1.0693299168731427,
        1.0295403312841909,
        1.0917961073216538,
        1.1164808057452484,
        1.022946459456594,
        1.0515718298242047,
        1.1752945527216867,
        1.0336774737726269,
        1.0954945897686186,
        1.0331363677198775,
        1.0369260214713814,
        1.0762800951514624,
        1.0816389688231383
      ]
    }
  },
  "phase5_mixed": {
    "mixed_4arch_20model": {
      "mse": 0.973552904316137
    },
    "mixed_3arch_15model": {
      "mse": 0.9670402576848409
    }
  },
  "phase6_bootstrap": {
    "best_model": "P1-drop-0.35",
    "best_mse": 0.9322951891252055,
    "bootstrap_ci": {
      "mse": {
        "point": 0.9322951891252055,
        "ci_lo": 0.822518172265266,
        "ci_hi": 1.0537786516908274
      },
      "r2": {
        "point": 0.8042266261711528,
        "ci_lo": 0.7787303132514487,
        "ci_hi": 0.8278044561779552
      },
      "spearman": {
        "point": 0.8733014718857045,
        "ci_lo": 0.8573093024778676,
        "ci_hi": 0.8865970800152624
      },
      "n_test": 1326
    }
  }
}